Grain Diameter,Misorientation Angle,KAM,phi1,Phi,phi2,Phase,CI,IQ
25.233,9.94,0.3671,258.31,51.5,62.64,Ferrite,0.244,102
13.778,9.196,1.4015,341.86,81.9,23.14,Ferrite,0.456,98
30.838,45.186,0.521,240.85,28.11,80.27,Ferrite,0.703,138
33.592,47.449,0.1629,196.98,50.34,59.15,Austenite,0.93,98
9.144,61.2,0.3905,161.5,54.96,74.91,Ferrite,0.486,217
12.244,9.37,0.5845,298.15,45.63,55.37,Ferrite,0.888,139
23.303,33.958,0.764,305.88,65.8,78.2,Ferrite,0.935,155
19.082,58.397,0.7664,105.49,64.76,32.55,Austenite,0.217,112
21.834,26.556,0.803,343.23,54.43,49.42,Ferrite,0.392,143
14.987,8.69,0.4065,142.24,51.75,46.43,Ferrite,0.768,218
32.68,2.162,0.7021,288.03,53.66,81.34,Ferrite,0.805,148
31.22,19.596,0.3372,348.06,53.74,14.84,Ferrite,0.514,81
164.385,37.007,0.4141,253.32,54.06,52.03,Ferrite,0.725,114
36.536,24.426,0.3247,58.16,52.74,67.9,Ferrite,0.69,217
27.151,23.713,0.2435,211.01,58.03,33.3,Ferrite,0.792,218
14.945,36.8,0.9193,42.76,64.04,78.08,Ferrite,0.775,109
25.971,28.603,0.8066,284.09,40.24,33.57,Ferrite,0.269,166
14.29,52.415,0.893,101.27,42.39,15.6,Ferrite,0.327,91
151.896,57.657,0.6118,250.28,34.02,52.56,Ferrite,0.306,161
21.511,52.728,0.833,327.63,65.4,37.85,Austenite,0.946,98
20.244,27.503,0.0716,65.16,58.0,1.37,Ferrite,0.931,195
16.194,4.594,0.8589,141.43,61.06,6.29,Ferrite,0.838,212
38.137,26.972,0.6531,232.96,37.85,17.57,Ferrite,0.293,104
20.522,13.864,0.7881,151.08,76.42,69.24,Ferrite,0.659,145
18.143,59.359,0.714,62.93,47.69,80.28,Austenite,0.35,94
18.776,33.896,0.3039,10.47,57.02,49.11,Ferrite,0.495,127
27.955,25.56,0.1506,146.38,65.25,9.5,Ferrite,0.414,89
25.932,54.794,0.3864,233.72,43.16,48.1,Ferrite,0.863,117
26.49,33.762,0.7695,206.63,48.44,77.0,Ferrite,0.316,219
26.707,16.65,0.807,56.25,57.15,67.45,Ferrite,0.717,86
57.673,11.642,0.1896,162.25,89.29,26.2,Ferrite,0.987,200
176.335,45.045,0.3057,133.01,58.61,11.15,Ferrite,0.75,91
17.471,51.797,0.383,98.71,74.28,81.06,Ferrite,0.263,154
15.254,24.914,0.4928,262.54,69.47,76.87,Ferrite,0.926,143
29.027,58.118,0.1914,111.47,59.42,4.83,Ferrite,0.714,210
36.565,13.752,0.1734,194.45,43.13,74.13,Ferrite,0.565,108
20.9,13.252,0.3534,332.36,67.72,8.75,Ferrite,0.728,105
15.074,25.7,0.6259,194.14,37.02,5.7,Ferrite,0.903,185
15.181,17.375,0.2458,222.13,74.21,68.27,Ferrite,0.582,182
29.483,55.769,0.5653,26.37,57.4,48.27,Ferrite,0.625,178
30.738,29.373,0.9176,64.13,23.2,37.31,Ferrite,0.562,84
28.091,2.301,0.2095,36.34,50.91,81.35,Ferrite,0.258,116
16.306,14.73,0.5381,275.33,62.85,75.54,Ferrite,0.83,198
24.423,21.03,0.9074,300.93,52.16,5.19,Ferrite,0.301,164
23.186,51.699,0.4745,67.12,63.58,55.45,Ferrite,0.516,164
24.275,59.11,0.4279,78.94,44.8,69.5,Ferrite,0.509,121
32.563,49.234,0.949,116.35,39.33,49.54,Ferrite,0.424,116
24.329,35.737,0.5081,212.79,54.14,88.47,Ferrite,0.522,213
29.861,56.204,0.9313,223.85,55.38,61.74,Ferrite,0.694,182
22.679,9.553,0.7287,247.23,50.82,9.37,Ferrite,0.449,98
25.057,50.004,0.4971,325.87,69.73,17.85,Ferrite,0.338,211
29.228,53.564,0.7439,106.21,44.8,74.36,Ferrite,0.895,162
11.419,50.22,0.6961,237.15,58.76,89.71,Ferrite,0.977,127
19.052,28.529,0.9063,201.5,55.82,8.85,Ferrite,0.567,136
17.803,4.558,0.4355,110.1,36.32,9.03,Ferrite,0.462,182
16.503,26.202,0.6124,326.67,39.17,68.7,Austenite,0.238,133
19.438,7.123,0.5815,34.37,55.14,5.79,Ferrite,0.229,161
43.11,3.704,0.8112,256.32,78.77,6.17,Ferrite,0.514,179
14.901,42.384,0.2924,262.03,61.95,79.99,Ferrite,0.944,107
34.014,33.57,0.9051,329.52,34.29,72.04,Ferrite,0.785,212
10.317,6.413,0.7399,186.69,17.67,79.34,Austenite,0.479,130
18.922,57.918,0.2049,115.78,63.8,58.55,Ferrite,0.974,139
23.672,26.596,0.9625,297.99,53.85,29.03,Ferrite,0.543,178
28.641,3.286,1.2702,277.49,68.7,81.57,Ferrite,0.421,165
30.298,11.796,0.9006,180.11,44.43,26.89,Ferrite,0.541,142
31.439,39.585,1.0281,276.43,59.2,24.8,Ferrite,0.369,171
18.805,23.861,0.6256,96.44,65.15,79.78,Austenite,0.909,206
17.868,52.376,0.1015,212.22,49.63,61.27,Ferrite,0.489,192
32.367,4.415,0.0468,311.47,49.89,80.61,Ferrite,0.726,195
20.185,48.926,0.6765,114.47,55.3,14.03,Ferrite,0.511,116
112.524,58.139,0.4224,174.08,61.51,85.71,Ferrite,0.921,139
13.211,61.257,0.3256,342.38,54.83,55.15,Ferrite,0.714,158
14.546,2.587,0.5812,287.36,66.69,60.12,Ferrite,0.591,86
27.516,8.259,0.7847,319.33,49.46,82.27,Ferrite,0.306,188
23.456,37.275,0.1642,138.69,39.06,34.27,Ferrite,0.922,125
30.017,61.372,0.4653,358.74,78.72,64.76,Ferrite,0.637,120
18.152,8.442,1.053,54.92,47.74,57.63,Ferrite,0.428,116
23.627,3.439,0.2774,186.76,48.18,70.9,Ferrite,0.902,120
29.153,56.15,0.8609,172.54,54.21,80.72,Ferrite,0.244,127
19.141,28.35,0.4546,287.44,55.81,61.21,Ferrite,0.451,165
27.02,52.026,0.7637,327.1,50.36,6.09,Ferrite,0.629,162
16.333,32.991,0.9292,263.21,54.79,16.48,Ferrite,0.472,116
18.684,61.059,0.8224,225.65,54.52,85.86,Ferrite,0.581,109
18.528,56.526,0.8727,153.87,57.1,87.18,Ferrite,0.411,196
12.844,29.162,0.2545,183.72,26.71,87.07,Ferrite,0.304,93
27.39,14.389,0.9341,183.35,77.57,3.31,Ferrite,0.229,152
17.811,30.832,0.3442,7.33,53.23,34.42,Ferrite,0.326,153
22.124,43.499,0.6779,181.1,61.97,68.37,Ferrite,0.962,160
27.313,45.949,0.6775,308.15,38.46,67.76,Ferrite,0.66,204
26.896,53.991,0.7455,255.34,49.35,7.73,Ferrite,0.591,167
29.68,16.149,0.7011,286.46,46.93,54.85,Ferrite,0.507,216
21.046,25.347,0.3469,140.57,72.64,12.86,Ferrite,0.767,202
18.184,48.46,0.195,190.43,47.97,44.39,Ferrite,0.313,110
21.225,41.486,0.8617,12.05,64.1,21.57,Ferrite,0.421,114
10.296,4.149,0.6558,137.88,47.19,4.78,Ferrite,0.725,128
11.471,17.595,0.9448,170.79,49.57,7.2,Ferrite,0.583,135
12.132,4.084,0.5866,91.88,52.05,81.98,Ferrite,0.816,157
14.045,13.075,0.1785,11.25,70.41,67.02,Ferrite,0.918,113
26.336,9.595,0.8898,248.55,32.32,83.86,Ferrite,0.859,111
14.637,33.633,0.4889,156.63,39.21,42.3,Ferrite,0.347,133
18.557,59.422,0.7026,149.64,31.63,37.2,Ferrite,0.273,174
39.476,17.391,0.4058,90.0,41.95,32.26,Ferrite,0.336,176
18.741,50.236,1.0933,193.62,45.26,55.47,Ferrite,0.827,217
30.659,27.108,0.337,157.69,35.63,31.64,Ferrite,0.931,108
14.453,12.041,0.4988,170.63,46.19,67.16,Ferrite,0.94,135
20.057,50.065,0.6322,209.11,30.82,72.12,Ferrite,0.439,215
14.347,14.24,0.2723,2.28,42.78,78.83,Ferrite,0.872,177
18.887,25.148,0.6992,326.77,69.41,21.85,Ferrite,0.629,163
32.11,39.971,1.0836,25.59,59.84,47.43,Ferrite,0.858,156
10.112,51.626,0.4529,162.33,57.25,20.11,Ferrite,0.639,91
26.75,26.548,0.7185,74.65,42.97,3.38,Ferrite,0.317,205
24.484,25.845,0.2248,188.56,36.57,63.7,Ferrite,0.263,168
16.839,16.278,0.5883,100.88,41.33,49.41,Ferrite,0.966,160
11.477,60.05,0.5061,309.6,54.48,65.15,Austenite,0.541,156
22.726,48.371,0.3545,142.69,65.42,7.89,Austenite,0.48,135
17.336,44.871,0.9244,229.95,65.83,89.6,Ferrite,0.485,116
24.428,11.233,0.5021,89.6,62.57,89.49,Ferrite,0.503,186
22.217,39.986,0.5468,6.99,46.15,41.85,Ferrite,0.956,151
45.234,37.378,0.4868,145.5,55.29,77.95,Ferrite,0.25,85
19.754,36.128,0.025,193.14,51.14,21.92,Ferrite,0.295,136
13.88,45.101,0.2604,165.44,52.59,66.38,Ferrite,0.832,210
23.848,24.472,0.8883,346.33,79.45,79.13,Ferrite,0.64,132
24.289,56.739,0.033,254.46,33.86,73.32,Austenite,0.303,138
40.556,4.096,0.3701,358.44,52.18,73.06,Ferrite,0.228,167
32.035,31.429,0.4801,106.22,69.54,41.67,Ferrite,0.379,192
25.833,42.195,1.1231,284.06,37.41,73.8,Ferrite,0.409,174
42.501,21.628,0.8306,200.0,47.28,62.16,Ferrite,0.211,199
12.885,60.7,0.4328,220.23,48.65,11.92,Ferrite,0.373,96
16.497,57.436,0.9914,354.91,52.32,10.28,Ferrite,0.791,209
14.499,58.329,0.3778,235.44,35.85,69.47,Austenite,0.884,207
18.46,30.612,0.9027,323.57,62.14,56.29,Ferrite,0.919,153
162.639,22.949,0.1923,261.27,63.0,46.74,Ferrite,0.512,167
29.279,3.713,0.922,45.86,61.1,81.65,Ferrite,0.456,110
19.906,19.23,0.4782,251.79,44.56,59.36,Ferrite,1.0,143
11.35,20.645,0.2914,174.35,56.04,35.65,Ferrite,0.815,108
13.93,18.351,0.5349,330.77,44.21,37.25,Ferrite,0.63,83
25.333,61.522,0.6832,290.46,51.01,54.47,Ferrite,0.404,217
32.079,18.481,0.4516,37.49,80.84,68.42,Ferrite,0.457,116
54.032,21.229,0.7662,48.21,56.15,50.79,Ferrite,0.612,163
81.637,4.7,0.4251,25.06,40.75,45.79,Ferrite,0.634,122
26.51,42.271,0.7861,177.57,57.16,65.42,Ferrite,0.211,132
14.094,51.398,0.7327,29.08,38.78,63.47,Ferrite,0.968,136
8.429,3.546,0.5817,260.52,40.61,74.73,Ferrite,0.66,127
24.817,13.919,0.4676,198.85,42.51,5.63,Ferrite,0.671,169
15.26,45.008,0.6455,300.92,49.67,67.95,Ferrite,0.369,215
18.249,39.54,0.7651,100.73,66.24,46.24,Ferrite,0.812,140
16.703,48.499,1.2185,186.89,61.94,6.72,Ferrite,0.79,216
20.649,7.206,0.8818,42.29,61.28,61.11,Ferrite,0.276,173
35.543,31.265,0.8928,318.46,41.81,64.49,Ferrite,0.676,165
23.611,4.434,1.5266,63.0,48.5,47.13,Austenite,0.727,113
20.484,22.977,0.7548,36.85,58.26,71.44,Ferrite,0.868,89
13.805,12.638,0.7454,73.82,47.46,27.02,Ferrite,0.365,199
10.355,27.253,0.8112,290.24,51.66,18.17,Ferrite,0.902,160
17.676,22.216,0.2973,38.09,60.3,31.57,Ferrite,0.569,138
21.474,26.579,0.4668,221.19,50.81,36.9,Ferrite,0.277,194
48.745,54.577,0.4481,268.63,57.71,62.63,Ferrite,0.284,123
23.328,30.519,0.7943,270.39,74.11,76.1,Ferrite,0.358,190
34.236,47.244,0.5477,68.42,52.94,64.88,Ferrite,0.426,126
17.573,55.251,0.6415,22.18,69.15,15.66,Ferrite,0.597,209
12.908,18.654,0.9262,161.57,61.71,32.96,Ferrite,0.799,118
14.25,10.095,0.8589,72.89,37.39,14.26,Ferrite,0.349,99
15.874,11.761,0.5515,251.74,41.77,61.81,Ferrite,0.994,178
57.332,25.181,0.399,128.41,45.0,22.34,Ferrite,0.329,103
15.202,47.378,0.9406,161.77,44.74,47.28,Ferrite,0.68,213
32.084,57.76,0.8322,40.85,53.92,71.26,Ferrite,0.943,172
14.654,7.694,0.1181,204.32,62.38,60.38,Ferrite,0.866,112
33.457,41.735,0.5061,66.79,70.06,26.85,Ferrite,0.718,109
26.161,28.622,0.6497,244.43,58.7,29.96,Ferrite,0.772,209
20.503,14.914,0.8336,25.62,49.65,58.8,Ferrite,0.307,165
21.6,5.652,0.873,351.32,30.01,49.45,Ferrite,0.208,205
16.385,43.686,0.6852,246.43,55.85,8.68,Ferrite,0.547,95
26.891,44.307,0.7756,65.42,55.31,78.66,Ferrite,0.272,210
17.927,21.349,0.6192,5.07,57.2,46.14,Ferrite,0.486,153
12.674,3.98,0.3978,120.41,80.27,42.6,Ferrite,0.379,174
12.379,46.713,0.5216,55.01,69.89,17.86,Ferrite,0.933,132
23.777,47.082,0.6057,78.63,64.42,33.93,Ferrite,0.904,88
44.774,18.481,0.5896,314.19,43.46,29.95,Ferrite,0.855,214
23.642,36.001,0.0343,217.15,48.84,24.37,Ferrite,0.771,219
20.856,34.225,0.4808,63.52,53.86,51.07,Ferrite,0.323,131
25.02,19.075,0.6169,200.4,45.7,41.6,Ferrite,0.239,212
39.597,10.579,0.5156,92.08,61.01,80.03,Ferrite,0.723,103
24.283,9.796,0.526,351.43,59.28,84.72,Ferrite,0.714,102
18.286,49.917,0.7464,11.79,41.94,19.75,Ferrite,0.496,90
36.193,14.351,0.2763,263.63,69.36,9.01,Ferrite,0.578,135
26.682,53.998,0.1116,278.28,56.23,70.68,Ferrite,0.591,87
43.91,40.653,0.4955,24.18,34.25,89.54,Ferrite,0.392,135
23.891,50.74,0.8292,61.87,54.38,77.72,Austenite,0.451,99
12.68,12.998,1.1063,138.35,58.37,2.13,Ferrite,0.535,182
11.886,2.523,0.8346,312.54,66.67,22.61,Ferrite,0.683,197
46.245,7.845,0.1595,193.32,50.95,3.9,Ferrite,0.965,176
47.784,13.602,0.5303,235.91,64.94,73.87,Ferrite,0.631,108
20.293,11.745,0.677,281.88,57.25,52.33,Ferrite,0.785,187
18.515,39.847,0.6533,298.12,39.22,46.23,Austenite,0.846,115
42.466,8.908,0.7618,171.46,38.02,49.9,Ferrite,0.291,186
13.368,49.663,0.3249,183.17,68.47,22.72,Ferrite,0.722,159
14.708,18.377,0.6195,258.48,69.35,54.15,Ferrite,0.586,131
29.387,39.237,0.7261,94.8,58.87,2.76,Ferrite,0.658,92
18.421,37.635,0.8477,307.62,72.95,58.14,Ferrite,0.231,196
21.949,58.319,0.3583,7.48,67.68,66.1,Ferrite,0.925,212
20.44,38.195,0.4965,70.48,63.2,60.57,Ferrite,0.962,173
25.609,37.011,0.2111,288.07,44.06,29.89,Ferrite,0.203,215
41.447,60.223,0.4136,122.49,75.78,74.36,Ferrite,0.37,211
22.915,8.616,0.4427,53.94,61.44,64.4,Ferrite,0.344,107
29.395,23.502,0.2941,67.23,50.37,11.55,Ferrite,0.825,182
8.745,25.195,0.6497,191.07,46.98,17.56,Ferrite,0.678,129
21.523,19.474,0.5832,304.63,58.08,57.34,Ferrite,0.342,148
15.053,15.027,0.0778,25.43,34.95,26.05,Ferrite,0.851,102
12.712,35.301,0.6647,10.97,63.4,10.75,Ferrite,0.483,216
14.818,7.721,0.3215,167.46,43.56,13.95,Ferrite,0.569,182
18.929,49.473,0.7457,344.23,59.45,14.91,Ferrite,0.51,117
33.222,3.192,0.2154,100.44,48.74,43.0,Ferrite,0.617,132
12.112,10.677,0.609,345.3,51.83,54.66,Ferrite,0.584,139
22.305,22.251,0.5151,319.57,45.92,15.88,Ferrite,0.42,185
17.693,10.618,0.6909,101.93,53.07,64.12,Ferrite,0.54,210
18.984,22.866,0.6374,294.1,77.67,25.29,Ferrite,0.927,125
34.546,6.245,0.5235,246.91,71.62,28.04,Ferrite,0.602,146
28.028,4.572,0.1391,184.26,59.25,20.11,Ferrite,0.933,163
40.16,12.116,0.1568,152.25,54.7,70.67,Ferrite,0.64,135
20.522,34.376,0.4248,293.58,65.13,86.38,Ferrite,0.815,151
16.085,5.207,0.5975,285.51,68.56,44.32,Ferrite,0.435,95
19.892,10.682,0.4175,272.5,45.04,3.78,Ferrite,0.832,103
24.537,57.572,0.7876,359.37,54.07,23.45,Ferrite,0.411,136
23.819,5.577,0.5162,172.26,33.14,14.22,Ferrite,0.216,208
13.505,3.803,0.3105,290.49,68.48,75.85,Ferrite,0.329,129
22.914,54.937,0.5166,310.49,79.78,7.64,Ferrite,0.217,115
24.38,10.772,0.6678,76.18,55.96,86.98,Ferrite,0.958,184
173.103,25.525,0.6975,15.14,29.5,52.97,Ferrite,1.0,213
51.194,28.484,1.1635,145.71,62.31,46.6,Ferrite,0.81,144
14.985,26.77,0.3993,308.43,44.15,76.26,Ferrite,0.287,81
19.331,27.355,0.578,104.08,47.04,2.48,Ferrite,0.919,176
11.387,14.388,0.7278,252.0,62.52,69.94,Ferrite,0.795,138
16.865,61.696,0.593,2.65,58.05,10.49,Ferrite,0.466,174
25.357,61.543,0.4498,127.93,49.14,75.67,Ferrite,0.602,119
37.852,39.758,0.1352,221.59,47.2,47.63,Ferrite,0.729,80
15.847,45.034,0.4467,46.71,56.51,5.5,Ferrite,0.219,128
16.39,14.69,0.2779,322.78,50.09,74.99,Ferrite,0.601,179
8.371,7.196,0.082,56.26,41.69,2.46,Ferrite,0.786,135
20.447,24.581,0.3613,327.53,51.01,12.45,Austenite,0.351,111
13.639,39.841,0.2859,77.9,59.08,71.8,Ferrite,0.555,145
17.336,54.143,0.7751,357.94,52.86,41.84,Ferrite,0.626,185
14.827,29.25,0.7803,217.71,38.04,79.32,Ferrite,0.788,97
21.086,35.671,0.3288,30.36,66.87,57.19,Ferrite,0.972,177
9.975,61.324,0.5219,23.5,22.13,56.12,Ferrite,0.879,173
11.369,61.297,0.0425,26.97,49.64,26.3,Ferrite,0.697,132
57.352,57.587,0.4517,212.36,47.56,12.03,Ferrite,0.667,216
12.326,52.527,0.7197,291.45,56.78,86.51,Ferrite,0.683,205
13.43,27.649,0.8475,145.07,61.74,9.43,Ferrite,0.636,124
50.282,8.368,0.3861,160.14,68.52,47.61,Ferrite,0.247,84
81.314,10.219,0.9156,212.14,46.45,24.53,Ferrite,0.759,123
12.986,41.357,0.1453,191.89,62.04,23.77,Ferrite,0.773,109
18.64,5.175,0.2257,247.7,57.35,53.51,Ferrite,0.61,157
25.655,13.865,0.8129,169.84,34.46,71.81,Ferrite,0.896,209
47.892,34.191,1.1013,256.99,77.81,69.95,Ferrite,0.738,202
14.111,50.211,0.748,359.03,37.73,78.19,Ferrite,0.49,123
19.701,30.677,0.5879,126.11,60.03,26.36,Ferrite,0.216,140
31.213,11.685,0.0586,4.4,59.68,41.92,Ferrite,0.247,85
26.754,20.98,0.01,45.23,58.31,0.84,Ferrite,0.481,156
18.574,23.869,0.6388,199.27,49.07,67.22,Ferrite,0.57,89
20.714,54.974,0.4926,123.93,64.93,27.21,Ferrite,0.333,211
11.85,35.975,0.2682,338.39,36.28,50.53,Ferrite,0.351,201
19.764,5.123,0.6197,225.88,54.21,15.24,Ferrite,0.384,110
19.515,50.689,0.6345,187.33,48.23,73.75,Ferrite,0.824,178
24.423,5.761,0.8833,287.29,46.87,73.55,Ferrite,0.817,160
17.135,5.352,0.641,93.09,60.14,78.97,Ferrite,0.506,192
27.2,9.617,0.9685,295.11,67.93,4.13,Ferrite,0.338,147
34.701,23.319,0.6024,1.1,50.88,89.32,Ferrite,0.289,107
23.594,4.845,0.5654,223.08,64.37,22.3,Ferrite,0.27,170
25.773,27.926,0.9193,336.51,55.6,27.85,Ferrite,0.513,91
22.533,18.052,0.3065,283.63,44.29,22.44,Ferrite,0.236,162
22.001,4.18,1.4443,307.31,51.9,24.08,Ferrite,0.467,110
15.9,42.341,0.7126,142.9,51.41,49.74,Austenite,0.969,176
25.367,16.021,0.7142,296.73,46.64,21.58,Ferrite,0.606,196
21.058,54.893,0.7575,198.3,60.14,35.44,Ferrite,0.858,95
56.428,12.909,1.1631,222.67,57.82,59.0,Ferrite,0.303,136
44.659,3.798,0.8378,21.21,35.91,75.24,Ferrite,0.414,183
26.172,35.9,0.1185,72.56,35.18,62.35,Ferrite,0.957,103
15.606,3.504,1.021,198.35,60.1,53.49,Ferrite,0.507,159
13.336,18.374,0.4977,21.17,45.22,13.3,Ferrite,0.719,174
37.602,52.729,0.6321,266.92,58.62,73.45,Ferrite,0.981,130
24.761,56.973,0.2162,302.42,64.37,3.35,Ferrite,0.641,196
27.306,4.002,0.7579,331.33,39.75,23.78,Ferrite,0.444,151
10.034,23.394,0.4046,36.64,38.06,5.14,Ferrite,0.626,168
33.394,57.483,0.6301,338.3,75.09,60.07,Ferrite,0.244,100
26.992,40.826,0.5148,24.34,59.22,33.15,Ferrite,0.29,83
13.348,14.751,1.1775,170.66,49.97,58.68,Ferrite,0.206,87
17.794,24.531,1.1947,302.49,43.79,31.23,Ferrite,0.907,207
24.772,46.019,0.614,25.31,48.87,41.02,Ferrite,0.737,204
22.526,12.28,0.6192,6.56,40.71,41.22,Ferrite,0.439,193
19.29,43.173,0.488,8.98,65.6,4.1,Ferrite,0.377,108
20.999,59.798,0.9318,184.06,45.68,38.72,Ferrite,0.746,154
19.642,38.221,0.5013,292.17,68.12,57.7,Ferrite,0.936,191
23.563,3.454,0.4736,45.87,50.19,49.14,Ferrite,0.439,174
42.658,37.43,0.8936,44.86,42.48,6.78,Ferrite,0.457,96
6.931,31.904,0.4385,204.68,49.88,60.13,Ferrite,0.883,205
19.776,25.548,0.5887,84.35,23.51,27.8,Ferrite,0.915,102
23.819,9.178,0.1256,262.88,53.55,1.3,Ferrite,0.931,104
25.134,8.51,0.8113,341.87,52.96,14.0,Ferrite,0.435,206
18.61,48.436,1.1823,275.77,64.9,44.78,Ferrite,0.296,148
9.979,15.867,0.8164,315.78,32.36,27.94,Ferrite,0.552,132
25.499,14.897,1.0385,187.05,68.94,62.49,Ferrite,0.437,158
47.863,45.268,0.3462,299.63,64.85,21.66,Ferrite,0.907,217
11.032,43.689,0.6709,65.85,70.02,69.55,Ferrite,0.229,97
32.452,51.502,0.3171,24.61,54.37,25.78,Ferrite,0.707,186
18.977,53.094,0.5317,236.14,67.17,55.88,Ferrite,0.925,127
21.401,48.45,0.8317,18.7,37.35,71.93,Ferrite,0.981,96
13.698,19.831,0.6305,321.29,63.56,34.7,Ferrite,0.72,139
18.926,37.326,0.1762,248.96,45.75,4.21,Ferrite,0.96,157
39.491,43.36,0.2055,342.79,35.18,48.19,Ferrite,0.261,109
28.595,2.668,0.1857,113.0,41.51,89.59,Austenite,0.487,137
118.383,17.0,0.7474,175.02,55.07,87.21,Ferrite,0.207,169
37.37,25.509,1.2192,267.01,45.11,19.89,Ferrite,0.985,161
131.195,12.237,1.0087,87.4,59.51,68.01,Ferrite,0.922,181
48.222,34.455,0.0312,195.07,33.3,31.05,Ferrite,0.222,197
26.805,12.676,1.0263,237.41,29.47,14.42,Ferrite,0.215,137
31.933,53.748,0.8809,352.37,71.47,59.93,Ferrite,0.494,139
19.251,6.18,0.1364,268.09,65.85,45.08,Ferrite,0.407,150
22.669,24.463,0.509,42.53,42.41,48.53,Ferrite,0.878,159
113.345,58.69,0.9287,171.12,54.96,74.47,Ferrite,0.328,95
34.342,15.839,0.7651,211.96,67.23,30.29,Ferrite,0.833,124
134.113,58.473,0.2073,52.78,60.03,60.04,Ferrite,0.644,104
31.284,59.741,0.7832,155.51,56.78,32.96,Ferrite,0.502,134
20.191,13.428,0.0413,102.24,68.14,3.85,Ferrite,0.317,216
37.267,3.249,0.5332,42.78,46.23,34.02,Ferrite,0.998,162
30.844,60.599,0.9414,184.34,55.37,85.5,Ferrite,0.694,140
49.916,8.94,0.6055,59.63,54.79,43.49,Ferrite,0.552,159
30.566,2.878,0.4503,212.59,51.73,9.74,Ferrite,0.497,174
10.844,2.686,0.8668,61.09,50.32,61.9,Ferrite,0.925,141
21.347,18.673,0.8924,260.49,55.87,86.7,Ferrite,0.857,143
12.983,54.94,0.993,70.29,55.41,81.72,Ferrite,0.849,178
17.423,43.85,0.8623,322.66,42.42,51.48,Ferrite,0.693,89
43.428,43.893,0.9244,9.44,64.62,33.87,Ferrite,0.91,156
29.31,10.479,0.8199,187.92,43.28,52.26,Ferrite,0.439,157
16.063,41.877,0.6797,115.24,52.38,73.43,Ferrite,0.763,186
13.941,22.218,0.6269,81.03,51.46,77.51,Ferrite,0.524,218
22.327,49.769,0.5288,169.78,59.3,73.7,Ferrite,0.68,191
12.725,13.19,0.2363,303.13,29.57,40.99,Ferrite,0.999,151
16.265,49.3,0.3134,329.5,65.69,10.7,Ferrite,0.988,104
25.316,54.902,0.5154,109.17,46.88,51.23,Ferrite,0.61,162
37.001,12.65,0.6724,55.53,69.64,14.08,Ferrite,0.659,197
28.933,3.206,1.0322,259.25,49.26,5.49,Ferrite,0.918,211
7.846,29.674,0.5875,209.52,54.41,44.88,Ferrite,0.989,196
25.229,11.591,0.901,72.37,77.97,58.98,Ferrite,0.823,106
22.725,5.347,0.9238,273.71,51.67,76.87,Austenite,0.252,180
26.504,32.342,0.5306,186.81,69.87,70.46,Ferrite,0.458,203
45.528,8.554,0.7784,235.22,55.47,77.15,Ferrite,0.917,175
8.694,25.32,0.5269,129.36,59.99,68.41,Ferrite,0.815,176
16.862,36.804,0.9966,158.08,55.84,63.29,Ferrite,0.794,150
28.702,59.301,0.7908,64.92,65.17,0.91,Ferrite,0.734,169
10.798,49.505,0.2429,272.35,46.77,56.35,Ferrite,0.532,121
42.744,25.116,0.6485,56.52,43.19,10.84,Ferrite,0.523,92
25.966,55.399,1.0944,280.19,47.34,5.28,Ferrite,0.847,196
32.201,32.775,0.5456,287.28,56.2,14.08,Ferrite,0.435,212
17.015,55.031,0.7343,268.78,52.35,74.1,Ferrite,0.748,200
31.729,26.36,0.7638,6.99,63.52,66.95,Ferrite,0.781,127
35.583,44.077,0.289,98.33,70.66,85.39,Austenite,0.876,93
24.431,58.554,0.7532,168.6,43.29,88.11,Ferrite,0.456,119
24.447,27.121,0.1818,214.4,46.19,80.4,Ferrite,0.794,198
24.846,47.568,0.4123,330.92,37.77,11.96,Ferrite,0.285,172
14.918,3.784,0.9227,135.22,79.36,79.05,Ferrite,0.31,215
20.587,22.078,0.707,315.01,58.66,75.48,Ferrite,0.534,128
20.541,7.833,0.5087,58.83,60.76,78.4,Ferrite,0.244,157
26.143,46.687,0.7339,133.66,38.92,13.65,Ferrite,0.958,191
34.5,13.376,0.582,18.82,54.99,10.51,Ferrite,0.922,113
13.663,14.683,0.6038,267.3,61.11,83.14,Ferrite,0.239,215
20.797,13.347,0.797,54.23,51.97,15.64,Ferrite,0.871,163
42.85,50.427,0.3818,92.53,67.91,33.18,Ferrite,0.607,81
15.744,28.401,0.6121,279.08,82.74,41.04,Ferrite,0.762,84
15.196,30.747,0.5063,192.5,43.64,11.2,Ferrite,0.91,204
24.097,54.748,0.1243,5.03,42.73,1.86,Austenite,0.662,170
137.552,11.551,0.3239,0.8,44.47,89.47,Ferrite,0.293,187
22.113,9.363,1.0705,183.84,74.27,78.9,Ferrite,0.202,190
40.008,35.98,0.7154,109.78,67.51,82.11,Ferrite,0.598,139
32.35,59.79,0.2029,64.91,53.37,25.61,Ferrite,0.959,192
32.132,45.587,0.1379,220.89,55.44,19.81,Austenite,0.658,211
28.23,20.447,0.5664,82.24,45.2,38.33,Ferrite,0.498,104
62.708,56.599,1.0684,213.19,65.68,40.8,Ferrite,0.225,187
20.06,37.995,0.544,136.54,50.44,0.5,Austenite,0.932,123
8.93,8.32,0.9921,67.23,51.88,70.13,Ferrite,0.462,125
45.284,22.176,0.7056,49.72,62.31,89.7,Ferrite,0.764,138
17.905,47.314,0.7414,85.27,52.74,47.58,Ferrite,0.755,201
23.094,17.227,0.1993,10.74,52.18,34.94,Ferrite,0.403,83
39.66,12.746,0.8813,110.93,55.13,35.35,Ferrite,0.251,141
10.698,21.57,0.4995,324.7,64.54,8.65,Ferrite,0.508,175
12.526,35.731,0.8589,299.29,74.76,23.95,Ferrite,0.454,95
10.702,34.475,0.3557,133.92,62.03,45.19,Austenite,0.76,191
15.389,39.528,0.6531,207.3,64.64,38.87,Austenite,0.856,212
26.813,28.143,0.7056,204.25,52.6,49.05,Ferrite,0.378,93
27.853,16.506,0.5538,298.35,46.51,76.42,Ferrite,0.623,101
24.912,43.876,0.7214,85.06,62.85,20.27,Ferrite,0.232,216
11.65,2.859,0.5201,106.7,57.05,2.49,Ferrite,0.371,108
7.78,45.613,0.4053,108.64,37.93,3.44,Ferrite,0.809,91
22.545,20.107,1.0816,14.71,51.06,12.08,Ferrite,0.835,213
132.361,15.648,0.9147,113.29,54.01,51.34,Ferrite,0.821,205
27.052,10.402,0.3717,316.05,48.87,72.74,Ferrite,0.314,172
30.172,4.235,0.7705,328.32,72.78,79.81,Ferrite,0.641,157
123.21,13.573,0.3772,39.47,60.76,57.16,Ferrite,0.538,209
30.973,53.084,0.2446,164.9,71.48,36.28,Ferrite,0.993,172
24.39,32.758,0.9101,137.29,58.16,13.91,Ferrite,0.723,172
27.926,14.162,0.0888,176.17,55.98,36.13,Ferrite,0.948,198
16.022,2.773,0.8781,199.7,43.76,29.92,Ferrite,0.316,171
20.292,16.026,0.5242,7.29,55.14,78.3,Ferrite,0.561,151
24.037,39.211,0.5365,303.21,55.16,43.8,Ferrite,0.817,135
31.826,31.207,0.7229,350.52,38.59,20.36,Ferrite,0.494,150
18.428,10.834,0.7744,235.23,48.53,25.99,Ferrite,0.706,153
27.815,19.714,0.3521,237.76,51.12,12.28,Ferrite,0.609,131
19.52,51.793,0.8153,190.07,59.96,82.67,Ferrite,0.994,143
20.867,59.293,0.634,120.34,60.54,4.53,Ferrite,0.339,192
31.955,16.047,0.2232,53.63,48.02,1.16,Ferrite,0.948,138
8.973,43.265,0.549,210.26,60.63,16.47,Ferrite,0.521,84
12.276,50.901,1.0144,16.18,52.82,72.98,Ferrite,0.574,120
11.292,13.184,1.103,296.82,20.56,47.11,Ferrite,0.623,112
7.698,52.015,0.8152,151.53,49.18,56.33,Ferrite,0.412,191
16.213,44.721,0.2429,149.31,67.95,32.2,Ferrite,0.971,143
30.824,58.671,0.7472,117.78,34.82,6.18,Ferrite,0.929,119
19.353,61.107,0.8553,348.97,56.35,77.05,Ferrite,0.978,193
24.048,16.99,0.8177,62.97,74.02,17.27,Ferrite,0.998,83
35.916,35.912,0.8355,54.47,45.87,2.98,Ferrite,0.736,104
39.985,40.708,0.709,59.59,55.03,51.54,Ferrite,0.561,196
21.326,13.549,0.5783,237.07,39.35,7.5,Ferrite,0.881,157
40.454,30.805,0.4175,357.08,74.53,8.62,Ferrite,0.219,188
22.931,61.419,0.0306,84.77,54.0,72.03,Austenite,0.868,197
15.093,15.763,0.7019,326.02,55.56,44.24,Ferrite,0.598,212
16.837,3.499,0.6558,100.3,71.25,21.74,Ferrite,0.739,89
11.3,54.605,0.7673,233.24,62.94,31.38,Ferrite,0.499,192
14.752,3.586,0.1987,14.58,44.49,65.63,Ferrite,0.495,179
18.726,13.081,0.7935,178.44,47.23,5.97,Ferrite,0.225,109
31.584,60.968,1.2164,235.65,60.94,10.48,Ferrite,0.539,210
47.722,37.319,0.6235,193.08,47.51,55.46,Ferrite,0.527,137
11.811,8.839,0.5815,85.62,29.59,54.63,Ferrite,0.38,204
26.254,17.431,0.6927,298.26,54.36,87.52,Ferrite,0.398,165
13.774,59.435,1.2097,349.25,37.24,33.71,Ferrite,0.667,154
27.239,27.493,0.2929,165.31,74.4,5.86,Ferrite,0.454,102
20.74,38.691,0.661,228.93,57.12,48.38,Ferrite,0.864,208
9.652,19.263,0.3601,284.55,44.14,57.45,Ferrite,0.289,158
33.407,34.912,0.4359,86.94,46.62,12.56,Ferrite,0.662,81
164.851,58.715,0.5851,311.2,32.33,49.76,Ferrite,0.328,83
17.301,38.613,1.0042,100.87,41.81,17.8,Ferrite,0.623,189
13.594,60.643,1.1403,279.3,67.2,76.03,Ferrite,0.642,103
16.389,8.482,0.7344,40.36,81.78,75.16,Ferrite,0.714,164
26.671,38.714,0.487,103.82,63.72,38.67,Ferrite,0.542,175
20.204,55.398,1.3478,192.1,53.9,87.01,Ferrite,0.608,119
25.507,36.068,0.4717,188.97,49.82,88.18,Ferrite,0.345,160
25.891,28.136,0.4287,306.16,43.52,11.63,Ferrite,0.57,114
39.859,55.207,0.0675,358.61,79.72,33.09,Austenite,0.498,212
18.855,33.325,1.0188,38.6,52.74,54.03,Ferrite,0.733,200
11.319,39.944,0.8905,97.7,80.39,7.64,Ferrite,0.548,120
35.563,60.897,1.3253,128.74,71.72,34.44,Ferrite,0.823,154
18.951,23.765,0.1831,172.41,34.11,23.51,Ferrite,0.541,150
36.329,29.166,1.0375,177.81,47.01,85.68,Ferrite,0.389,214
26.142,16.46,0.621,308.23,46.97,37.04,Ferrite,0.419,135
20.739,33.416,0.8418,277.4,54.04,68.64,Ferrite,0.236,159
25.739,24.409,0.1057,6.79,54.28,34.8,Ferrite,0.632,210
52.931,46.962,1.0404,163.81,90.0,11.86,Ferrite,0.865,103
56.019,23.522,0.836,222.51,42.07,77.68,Ferrite,0.815,157
22.698,46.716,0.5883,165.74,57.75,0.04,Ferrite,0.55,95
23.644,27.383,0.7935,47.03,62.4,5.03,Ferrite,0.357,166
35.707,31.695,0.3704,143.09,54.98,32.79,Ferrite,0.891,131
15.037,6.28,0.4262,148.2,56.32,61.82,Ferrite,0.245,215
25.557,48.687,0.461,67.58,42.46,30.75,Ferrite,0.519,138
21.745,36.926,0.0442,272.27,56.28,5.97,Ferrite,0.885,99
25.338,31.981,0.8585,115.7,61.14,28.61,Ferrite,0.515,197
15.12,10.564,0.9575,212.04,58.93,22.05,Ferrite,0.294,195
10.759,41.882,0.3896,185.66,61.84,0.49,Ferrite,0.413,177
8.656,25.05,0.7045,315.87,71.95,48.13,Ferrite,0.68,185
13.306,6.495,0.5203,43.93,66.24,10.5,Austenite,0.322,117
17.897,31.105,0.6985,41.13,55.86,25.87,Ferrite,0.724,170
19.281,3.23,0.4117,108.12,40.94,57.71,Ferrite,0.551,85
52.604,38.246,0.335,155.24,47.8,65.26,Ferrite,0.468,108
36.188,20.825,0.9156,107.48,52.36,23.71,Ferrite,0.393,211
14.269,26.208,0.5808,274.75,58.03,29.63,Ferrite,0.859,183
25.726,50.114,1.2066,88.3,49.26,22.22,Ferrite,0.517,112
18.318,9.315,0.6139,30.52,43.77,86.12,Ferrite,0.791,96
19.357,52.926,0.3222,148.97,40.74,17.15,Ferrite,0.552,213
23.913,5.346,0.9681,278.42,35.19,16.49,Ferrite,0.273,96
29.069,43.507,0.7892,306.2,52.18,40.05,Ferrite,0.552,116
18.885,48.387,0.8181,264.0,37.36,17.04,Ferrite,0.606,106
35.509,9.766,0.9572,200.84,42.99,14.1,Ferrite,0.566,81
13.16,61.662,0.4042,260.71,50.27,8.63,Ferrite,0.853,124
22.063,2.683,0.5618,245.3,38.97,57.62,Ferrite,0.929,216
70.81,22.654,0.5486,84.37,59.56,55.09,Ferrite,0.829,128
24.323,7.102,0.2128,198.27,63.88,58.51,Ferrite,0.666,151
41.929,40.063,0.5209,277.42,48.41,69.6,Ferrite,0.633,184
22.925,23.362,1.0009,114.16,49.76,29.37,Ferrite,0.716,157
28.571,43.816,0.6712,235.43,61.45,82.66,Ferrite,0.43,184
21.445,15.664,0.1962,173.33,46.43,65.99,Ferrite,0.849,173
20.376,58.6,0.1332,181.14,45.61,72.42,Ferrite,0.885,165
15.491,27.435,1.0994,32.42,69.36,64.89,Austenite,0.414,171
26.7,2.345,0.5729,239.84,65.61,32.26,Ferrite,0.922,192
14.997,20.088,0.4058,311.65,62.22,25.47,Ferrite,0.879,179
29.682,13.078,0.5178,50.92,66.11,38.03,Ferrite,0.54,191
35.853,8.453,0.1568,131.8,31.27,8.73,Ferrite,0.927,100
25.945,16.542,1.0269,17.52,71.25,40.62,Ferrite,0.296,175
19.341,28.13,0.4821,10.67,59.7,3.88,Ferrite,0.222,183
26.986,24.068,1.0102,356.28,67.13,0.36,Ferrite,0.478,122
19.147,32.795,0.6155,177.65,59.65,83.83,Ferrite,0.652,202
33.517,33.103,1.0289,127.99,55.59,62.04,Ferrite,0.481,123
9.65,30.933,0.677,98.96,51.7,50.57,Ferrite,0.954,114
18.916,30.412,0.856,352.8,59.41,30.7,Ferrite,0.404,201
8.982,19.217,0.8157,90.81,51.26,51.35,Ferrite,0.425,115
11.226,16.185,0.787,261.26,65.41,80.24,Ferrite,0.708,138
40.641,24.499,0.7044,102.15,35.96,58.71,Ferrite,0.203,132
32.913,50.563,0.5301,25.38,48.5,54.22,Ferrite,0.782,206
15.915,61.568,1.1746,245.98,79.54,41.42,Ferrite,0.502,144
11.189,14.55,0.3279,0.59,47.49,31.11,Ferrite,0.982,177
5.795,38.698,0.6013,243.27,52.14,62.87,Ferrite,0.753,191
17.227,39.996,0.6045,90.14,44.41,88.29,Ferrite,0.242,168
65.381,29.785,0.7207,268.6,59.03,38.23,Ferrite,0.274,212
26.756,51.375,0.4712,277.11,46.16,35.3,Ferrite,0.271,192
17.103,50.944,0.6944,260.68,52.77,38.53,Austenite,0.962,136
27.122,54.681,0.5493,8.81,65.19,38.3,Ferrite,0.747,213
10.898,3.314,0.1254,253.35,46.61,89.16,Ferrite,0.542,153
19.245,35.414,0.6029,356.45,64.46,63.61,Ferrite,0.36,83
120.707,8.263,0.2698,87.35,64.87,32.33,Ferrite,0.899,116
21.164,52.901,0.0797,98.73,67.66,33.44,Ferrite,0.361,167
31.403,29.498,0.6411,292.87,56.69,38.77,Ferrite,0.765,102
25.691,58.674,0.7464,57.74,90.0,3.3,Austenite,0.811,162
29.719,19.434,0.758,237.81,67.65,47.5,Austenite,0.436,131
16.14,6.81,0.7702,271.81,58.9,73.02,Ferrite,0.604,155
32.952,7.429,0.0202,13.38,44.49,59.45,Ferrite,0.378,80
45.79,3.539,0.1917,199.35,53.84,17.86,Ferrite,0.503,199
14.218,45.843,1.1921,207.32,72.12,65.52,Ferrite,0.972,131
14.755,12.89,0.2858,109.24,75.51,64.75,Ferrite,0.755,100
40.131,51.199,0.7833,315.48,72.74,23.63,Ferrite,0.877,141
20.185,5.949,0.3939,58.59,64.42,56.06,Ferrite,0.632,148
41.379,43.313,0.6239,131.11,39.93,54.99,Ferrite,0.391,169
18.028,55.272,0.41,305.52,60.85,75.58,Ferrite,0.77,153
42.343,19.601,0.7685,68.63,40.1,12.25,Ferrite,0.6,86
23.341,27.968,0.641,295.69,37.15,17.54,Ferrite,0.341,202
24.711,34.466,0.4655,28.46,57.87,43.74,Ferrite,0.53,144
44.486,4.124,0.2849,176.12,61.28,3.97,Ferrite,0.708,91
18.695,10.688,0.6803,27.12,65.84,37.4,Ferrite,0.788,188
14.404,6.898,0.2362,244.05,60.97,70.94,Ferrite,0.395,172
17.979,33.459,0.7282,284.62,61.38,13.38,Ferrite,0.901,171
26.966,34.98,1.3879,305.95,43.18,41.4,Ferrite,0.504,140
10.875,56.332,1.0051,353.25,53.74,89.08,Ferrite,0.417,137
29.309,27.706,0.8155,241.93,36.91,45.53,Ferrite,0.356,155
17.264,57.006,0.5743,276.86,30.96,44.85,Ferrite,0.843,87
36.876,35.021,0.0184,182.07,63.89,50.29,Ferrite,0.483,122
7.49,30.407,0.2033,328.59,45.96,16.74,Ferrite,0.587,218
15.442,38.618,0.9848,231.75,65.47,13.24,Ferrite,0.378,173
10.3,34.634,0.3631,318.08,68.3,60.96,Ferrite,0.749,139
15.169,27.096,0.3902,84.76,47.57,35.62,Ferrite,0.825,111
24.594,38.626,0.5503,178.83,62.08,26.09,Ferrite,0.472,184
20.295,12.517,0.2814,262.73,47.07,2.83,Ferrite,0.956,116
19.629,31.541,0.232,72.98,32.85,76.14,Ferrite,0.224,103
20.479,3.05,0.5849,76.08,56.48,2.91,Ferrite,0.306,102
24.109,34.43,0.3325,352.1,49.35,67.5,Austenite,0.671,182
13.974,13.328,0.3777,156.46,49.72,34.38,Ferrite,0.761,170
30.239,10.245,0.3656,65.45,78.7,53.88,Ferrite,0.401,90
29.643,7.577,0.7567,119.33,36.69,22.29,Ferrite,0.643,96
26.162,51.882,0.5304,143.06,59.59,13.99,Austenite,0.455,169
28.261,60.477,0.5464,224.31,43.06,48.0,Ferrite,0.643,160
25.139,54.392,0.7791,332.29,65.9,62.61,Ferrite,0.727,176
54.972,21.679,0.5574,355.17,58.58,17.59,Ferrite,0.978,105
21.154,39.744,0.5165,234.61,59.55,39.27,Ferrite,0.565,182
19.161,22.989,0.7411,251.97,43.66,40.02,Austenite,0.719,211
15.673,53.457,0.8005,115.86,45.81,19.44,Austenite,0.662,164
13.826,42.456,0.5559,308.58,66.13,50.85,Ferrite,0.454,107
12.566,27.382,0.6242,78.41,76.25,13.13,Ferrite,0.402,175
14.748,58.691,0.3655,38.3,60.76,45.88,Ferrite,0.99,128
21.311,14.166,0.3418,350.37,44.23,10.21,Ferrite,0.365,87
25.571,12.887,0.8307,311.09,59.07,43.7,Ferrite,0.832,122
22.512,48.889,0.7335,109.31,84.13,28.04,Ferrite,0.317,207
15.589,17.766,0.7366,243.06,56.23,40.7,Ferrite,0.843,138
32.987,43.099,0.6843,168.13,72.54,39.04,Ferrite,0.349,201
30.685,53.347,0.6139,116.33,46.12,81.71,Ferrite,0.974,151
20.475,18.174,0.8089,103.24,54.49,44.09,Ferrite,0.749,152
16.399,39.075,0.8805,48.97,62.43,73.66,Ferrite,0.272,81
28.158,9.377,0.8734,197.75,59.77,20.31,Ferrite,0.755,169
23.942,46.157,0.5698,160.77,45.8,31.69,Ferrite,0.683,95
11.466,7.785,1.0161,184.39,45.29,6.76,Ferrite,0.47,147
21.337,59.041,0.6685,77.53,66.86,37.87,Ferrite,0.409,116
24.753,57.052,0.7897,337.9,69.3,60.18,Ferrite,0.775,135
14.676,6.039,0.6846,229.89,73.15,75.44,Ferrite,0.793,155
23.962,30.193,0.6741,323.86,76.65,50.93,Ferrite,0.462,82
11.431,5.719,0.3793,39.34,56.62,57.61,Ferrite,0.901,120
40.138,48.749,0.8104,224.23,51.27,15.95,Ferrite,0.415,219
38.576,35.805,1.4536,305.81,71.21,3.35,Ferrite,0.256,88
19.637,22.346,0.4876,119.13,63.56,71.25,Ferrite,0.68,125
25.909,11.202,0.6213,70.25,43.21,15.03,Austenite,0.286,125
7.438,61.989,0.4661,95.41,42.6,8.21,Austenite,0.421,133
13.075,14.687,0.4536,98.26,60.9,84.38,Ferrite,0.606,176
19.276,12.948,1.0633,160.99,52.87,86.72,Ferrite,0.429,115
13.58,37.672,0.3981,117.35,54.68,55.46,Ferrite,0.372,144
30.342,58.351,0.4578,97.66,67.87,34.08,Ferrite,0.763,170
54.045,12.345,0.1238,233.46,64.11,74.99,Austenite,0.638,125
12.956,9.094,0.3727,19.09,70.96,18.42,Ferrite,0.872,213
15.092,58.693,0.0875,122.53,31.82,38.65,Ferrite,0.665,217
24.459,59.532,0.7895,248.31,58.04,32.13,Ferrite,0.587,97
45.424,29.792,1.4399,63.31,63.34,82.14,Ferrite,0.409,128
12.692,31.693,0.49,79.53,36.68,82.78,Ferrite,0.834,109
24.609,8.278,0.1,72.24,47.14,58.58,Ferrite,0.357,106
49.93,34.56,0.87,0.33,44.91,9.97,Ferrite,0.394,149
10.462,23.932,0.3819,170.56,55.26,43.4,Ferrite,0.873,159
12.361,57.224,0.9898,14.03,74.53,22.08,Ferrite,0.793,140
18.182,26.905,0.5154,98.26,79.27,79.64,Ferrite,0.69,118
17.405,48.148,0.4105,358.13,45.23,12.46,Ferrite,0.231,119
31.713,3.007,0.5466,330.62,61.32,4.89,Ferrite,0.302,219
24.527,16.821,0.8273,77.43,61.71,63.4,Ferrite,0.6,209
9.898,45.725,0.5318,111.6,59.65,40.8,Ferrite,0.797,91
27.743,14.099,0.451,166.93,59.79,75.45,Ferrite,0.571,172
16.965,45.807,0.5404,303.99,58.64,6.72,Ferrite,0.214,144
39.038,19.419,0.2184,288.95,75.25,72.1,Ferrite,0.347,176
16.587,59.643,0.7191,45.45,68.23,3.36,Ferrite,0.671,164
122.253,4.676,0.064,44.8,42.28,2.53,Ferrite,0.755,204
28.066,14.685,0.4668,150.02,64.55,41.52,Ferrite,0.227,89
31.012,21.414,0.8278,313.23,65.71,19.92,Ferrite,0.235,129
26.915,30.048,0.6909,317.55,58.78,53.43,Ferrite,0.409,218
10.304,32.312,0.7771,38.65,68.58,2.32,Ferrite,0.267,106
28.027,40.247,0.5805,206.75,57.26,3.19,Ferrite,0.634,98
13.813,28.953,0.9509,56.04,57.41,65.44,Ferrite,0.299,182
24.457,2.639,0.8774,247.01,56.45,18.91,Ferrite,0.719,189
11.593,3.997,0.7338,329.92,30.78,59.08,Austenite,0.822,174
26.894,26.964,0.8783,163.72,54.04,67.49,Ferrite,0.976,189
15.303,4.537,0.8251,29.91,46.98,5.34,Austenite,0.959,177
12.352,9.391,0.4682,208.53,40.76,69.28,Ferrite,0.419,99
30.334,27.309,0.1968,147.07,72.21,24.16,Ferrite,0.224,165
164.873,44.467,0.7261,291.92,61.05,35.06,Ferrite,0.464,189
16.689,10.138,0.7638,122.52,54.64,7.8,Ferrite,0.767,201
42.27,31.233,0.9271,314.96,48.22,75.48,Ferrite,0.248,114
18.043,12.408,0.3191,98.53,58.55,50.47,Ferrite,0.488,98
22.32,51.277,0.3281,56.71,66.9,45.42,Ferrite,0.438,189
24.83,32.807,0.738,110.33,45.08,87.17,Ferrite,0.375,116
16.646,14.335,0.5786,12.57,54.94,30.11,Ferrite,0.765,84
27.196,60.412,0.0343,101.25,65.42,80.17,Ferrite,0.727,196
17.305,39.533,0.7125,237.64,31.77,64.77,Ferrite,0.628,151
18.28,57.76,0.0443,51.22,54.31,83.57,Ferrite,0.929,126
40.619,52.303,0.3164,40.09,49.85,81.7,Ferrite,0.283,82
13.774,17.76,1.0055,47.66,53.39,89.19,Ferrite,0.32,85
7.428,35.168,1.1475,27.92,48.98,11.85,Ferrite,0.507,191
45.421,47.821,0.2353,314.87,56.65,71.64,Ferrite,0.725,149
69.286,61.375,0.5012,339.88,78.08,72.4,Ferrite,0.667,101
18.332,36.544,0.6128,16.76,51.11,57.99,Ferrite,0.259,130
9.202,6.17,1.1344,273.63,58.5,25.1,Ferrite,0.967,103
19.131,41.414,0.4521,265.37,78.94,86.86,Ferrite,0.444,96
19.341,20.948,0.4569,358.89,48.4,18.4,Ferrite,0.487,119
20.198,50.321,1.0646,125.23,76.78,44.96,Ferrite,0.699,157
13.33,38.861,0.4876,102.78,55.06,46.93,Ferrite,0.956,109
28.555,11.385,0.8167,163.11,76.38,14.56,Ferrite,0.73,128
27.857,55.86,0.1569,308.37,64.0,65.03,Ferrite,0.964,147
11.23,44.561,0.5486,262.29,58.69,8.0,Ferrite,0.35,139
30.135,4.443,0.1021,169.78,54.21,62.38,Ferrite,0.695,98
55.409,3.395,0.2834,88.04,47.51,76.38,Ferrite,0.863,85
23.77,8.469,0.8518,261.73,55.91,31.45,Ferrite,0.607,85
18.902,8.754,0.585,307.63,65.77,63.85,Ferrite,0.49,129
20.638,8.607,0.5043,143.98,54.84,14.11,Austenite,0.988,181
29.018,41.141,0.3754,240.69,51.2,76.14,Ferrite,0.313,98
10.097,25.165,0.5338,144.08,51.99,85.68,Ferrite,0.529,190
23.689,55.436,0.6903,172.26,66.91,13.74,Ferrite,0.899,180
18.455,45.475,0.8949,188.97,69.7,62.27,Ferrite,0.92,81
50.53,34.75,0.1875,279.26,46.99,45.52,Ferrite,0.984,84
20.342,23.841,0.3505,351.9,46.98,47.83,Ferrite,0.908,107
46.6,30.934,0.6477,159.97,59.55,63.58,Ferrite,0.241,88
13.388,4.964,0.5703,123.23,73.33,43.99,Ferrite,0.944,154
28.654,10.289,0.721,134.49,68.75,54.03,Ferrite,0.543,86
25.401,19.398,0.6803,48.2,39.98,20.78,Ferrite,0.721,192
14.879,56.737,0.5085,106.9,51.83,34.07,Ferrite,0.515,149
23.828,50.918,0.4419,31.12,43.83,77.87,Austenite,0.851,182
37.965,24.39,0.5263,154.04,51.79,9.89,Ferrite,0.661,185
126.722,8.182,0.9446,60.25,74.25,53.78,Ferrite,0.876,151
10.274,2.784,0.3804,124.71,37.93,16.59,Austenite,0.355,210
21.827,12.689,0.5812,285.69,35.57,76.19,Ferrite,0.348,219
14.657,10.426,0.655,88.53,45.06,52.11,Ferrite,0.552,130
18.859,12.163,1.0681,220.28,58.45,36.27,Ferrite,0.204,98
21.207,29.059,0.5099,324.43,62.45,22.48,Ferrite,0.754,131
10.211,16.858,0.8876,204.09,60.25,39.32,Ferrite,0.437,111
10.633,49.239,0.9696,69.77,69.11,86.19,Ferrite,0.646,154
27.33,17.029,0.5809,124.12,33.84,45.83,Ferrite,0.256,133
17.389,15.228,0.5368,212.53,69.26,42.25,Ferrite,0.337,147
6.937,49.286,0.5013,182.38,51.25,67.16,Ferrite,0.698,187
31.319,10.734,0.5233,53.5,63.78,34.11,Ferrite,0.445,118
24.869,50.556,0.8563,160.85,39.12,38.47,Ferrite,0.372,155
15.955,6.822,0.6693,195.5,55.06,30.33,Ferrite,0.383,127
12.164,7.526,0.6706,96.24,57.84,13.58,Ferrite,0.372,190
32.045,35.498,0.2624,220.48,68.87,64.24,Ferrite,0.698,170
25.745,30.258,0.3098,25.26,35.98,78.57,Ferrite,0.334,81
64.278,39.521,1.243,121.18,55.37,81.5,Ferrite,0.49,172
26.579,35.264,0.5467,289.54,41.98,79.27,Ferrite,0.75,104
26.193,43.114,0.3676,93.34,61.07,40.66,Ferrite,0.611,181
20.408,11.688,1.0293,217.86,64.33,25.57,Ferrite,0.678,159
31.772,61.765,0.6845,147.61,70.45,57.41,Ferrite,0.401,136
29.146,18.701,0.7734,113.93,48.58,85.92,Ferrite,0.946,177
38.641,10.149,0.5586,329.81,66.13,65.43,Ferrite,0.531,200
17.4,23.493,0.5044,123.57,71.33,44.54,Ferrite,0.43,189
18.085,31.55,0.5491,85.2,35.28,61.99,Ferrite,0.923,156
17.733,28.511,0.1852,327.35,62.35,69.53,Ferrite,0.724,181
31.403,23.203,0.5736,268.54,66.5,82.73,Ferrite,0.691,138
43.177,50.912,0.6888,245.45,51.9,68.69,Austenite,0.909,190
17.896,38.326,1.1551,17.83,40.47,38.99,Ferrite,0.247,196
18.172,58.205,0.6258,47.23,66.32,24.62,Ferrite,0.87,99
25.34,16.532,0.1003,229.8,40.61,44.99,Ferrite,0.742,113
19.697,18.148,0.5718,75.4,52.86,29.54,Ferrite,0.488,118
33.766,33.954,1.4219,81.23,54.52,84.85,Austenite,0.405,103
7.986,18.773,0.8599,280.49,63.59,45.72,Ferrite,0.284,135
159.447,27.348,0.3567,102.93,47.48,42.49,Ferrite,0.953,107
15.471,61.343,0.7773,25.77,46.78,31.34,Ferrite,0.314,163
7.744,24.821,0.3774,13.12,56.19,57.55,Ferrite,0.408,94
14.259,24.312,0.1939,159.54,67.08,46.8,Ferrite,0.753,118
14.574,41.961,0.4955,222.17,82.45,11.61,Ferrite,0.768,173
20.096,5.555,0.6275,312.8,36.91,78.23,Ferrite,0.329,136
36.302,42.281,0.0384,39.89,58.78,32.31,Ferrite,0.851,139
19.703,3.655,0.2553,70.8,41.96,38.93,Ferrite,0.608,192
13.835,53.858,0.6031,190.73,67.23,18.51,Ferrite,0.879,218
21.443,21.513,0.4775,131.08,43.74,49.81,Ferrite,0.27,159
35.275,2.909,0.7184,173.71,46.9,63.18,Ferrite,0.234,91
14.18,8.255,0.2356,332.68,47.93,79.3,Ferrite,0.71,94
14.604,12.169,0.8142,196.16,54.09,4.64,Ferrite,0.32,216
28.287,32.37,0.2449,149.44,58.88,87.6,Ferrite,0.62,175
19.913,12.596,1.0928,356.2,60.8,63.34,Ferrite,0.211,185
29.442,18.25,0.0853,23.48,54.93,25.59,Ferrite,0.824,175
21.865,23.005,0.2722,335.56,39.04,18.4,Ferrite,0.92,105
30.168,18.249,0.7252,180.6,63.73,26.65,Ferrite,0.871,143
13.808,6.691,1.0993,181.35,54.36,78.82,Austenite,0.967,192
21.881,28.539,0.6945,331.91,68.94,26.23,Ferrite,0.922,201
20.01,8.077,0.7689,182.64,46.51,41.65,Ferrite,0.555,113
12.729,18.121,0.6053,157.83,35.77,63.52,Ferrite,0.519,163
10.886,5.132,0.2921,98.1,54.59,78.48,Ferrite,0.917,102
29.953,11.773,0.453,237.17,70.55,59.27,Ferrite,0.942,214
18.786,6.08,0.2364,205.07,56.93,67.78,Ferrite,0.978,115
13.888,16.117,0.2164,77.16,52.6,15.6,Ferrite,0.815,182
21.068,17.646,0.7205,255.39,44.56,78.97,Ferrite,0.362,112
36.549,55.121,0.263,231.87,76.09,24.81,Ferrite,0.956,166
7.883,26.031,0.6959,143.04,42.64,11.55,Ferrite,0.958,172
11.218,40.769,0.2095,1.58,46.3,87.86,Ferrite,0.733,126
14.523,35.033,0.6889,160.77,61.84,18.15,Ferrite,0.886,195
42.46,52.39,0.4534,2.18,32.73,12.3,Ferrite,0.649,204
24.983,37.978,1.022,27.0,70.3,56.34,Ferrite,0.955,200
31.073,38.531,0.6971,155.02,62.49,28.7,Ferrite,0.275,126
13.17,10.359,0.9707,29.49,65.79,12.0,Ferrite,0.891,184
13.293,22.056,0.3733,99.24,61.7,54.1,Ferrite,0.244,158
26.912,14.985,0.6168,235.98,53.07,68.31,Austenite,0.471,163
22.585,9.976,0.3057,111.1,42.24,71.39,Ferrite,0.308,147
28.162,37.449,0.4759,359.15,53.32,14.0,Ferrite,0.583,164
20.218,13.812,0.5214,329.87,43.3,50.12,Ferrite,0.386,99
24.933,46.265,0.3822,210.71,60.83,73.23,Ferrite,0.962,137
23.622,47.205,0.2353,348.1,64.68,14.5,Ferrite,0.647,105
31.219,27.376,0.1759,312.49,72.72,18.69,Ferrite,0.918,119
31.633,34.673,0.1019,114.8,59.46,0.22,Ferrite,0.422,98
10.613,32.229,0.2831,269.85,66.09,47.22,Austenite,0.221,110
8.003,39.508,0.7882,49.26,51.43,17.52,Ferrite,0.821,189
34.53,7.296,0.1205,246.44,49.26,65.18,Ferrite,0.762,157
37.544,30.364,0.1896,176.79,60.68,86.6,Ferrite,0.636,83
13.898,9.178,1.1373,6.06,50.36,18.79,Ferrite,0.852,190
9.527,12.876,0.4091,98.72,58.23,58.42,Ferrite,0.872,207
23.003,32.157,0.6963,343.94,42.27,19.07,Ferrite,0.67,203
33.446,22.047,0.7927,113.7,44.42,1.62,Ferrite,0.973,195
49.4,12.309,0.7988,65.32,62.62,68.27,Ferrite,0.776,219
27.754,43.3,0.1433,67.51,65.64,39.06,Ferrite,0.742,162
18.611,21.288,0.5307,172.52,43.17,85.21,Ferrite,0.489,215
14.719,47.611,0.1145,303.35,63.05,48.09,Ferrite,0.202,213
22.114,13.569,1.3339,272.88,48.61,14.17,Ferrite,0.393,124
19.228,26.164,0.1215,157.27,55.2,40.48,Ferrite,0.811,201
13.933,22.078,0.2856,75.14,72.0,18.26,Ferrite,0.768,191
55.312,15.405,0.2878,16.58,64.69,79.02,Ferrite,0.465,189
49.125,17.221,0.151,166.55,64.55,62.18,Ferrite,0.7,205
36.681,50.826,1.0058,293.32,77.91,30.71,Ferrite,0.356,134
14.536,6.48,1.3267,262.69,46.55,47.5,Ferrite,0.411,136
32.324,9.241,0.4573,147.1,43.17,60.25,Ferrite,0.958,170
29.338,50.159,0.2039,214.09,46.33,70.46,Ferrite,0.531,183
26.848,18.378,0.0711,157.05,51.95,7.21,Ferrite,0.396,203
38.605,42.83,0.5268,208.45,26.75,2.03,Ferrite,0.59,203
29.282,50.536,0.5051,186.3,52.51,10.3,Ferrite,0.51,181
30.693,31.883,0.4046,245.15,48.47,35.55,Ferrite,0.784,214
29.302,15.514,0.6664,182.78,64.41,42.0,Ferrite,0.97,105
25.646,42.974,0.7186,338.62,59.23,12.28,Austenite,0.673,213
9.859,61.588,0.6969,154.09,47.79,37.0,Ferrite,0.673,89
22.844,27.108,0.5052,5.73,62.08,39.75,Ferrite,0.492,158
17.129,23.906,0.2695,85.09,63.68,9.82,Ferrite,0.652,93
12.368,20.825,0.7997,180.22,45.78,82.5,Ferrite,0.455,160
46.893,5.441,0.6038,194.61,49.08,53.92,Ferrite,0.201,135
47.899,13.873,0.8665,198.86,28.3,34.97,Ferrite,0.893,91
40.556,3.821,0.837,257.24,41.91,45.62,Ferrite,0.544,171
24.677,10.81,0.1735,98.87,46.09,28.28,Ferrite,0.594,182
40.4,56.949,0.1697,239.37,55.89,76.89,Ferrite,0.267,104
22.12,5.058,0.3733,253.45,43.66,51.75,Ferrite,0.87,177
24.102,26.622,0.2831,148.06,48.84,44.54,Ferrite,0.336,105
13.45,41.126,0.8266,144.78,40.3,81.98,Ferrite,0.528,99
26.303,28.978,0.7054,64.41,57.05,75.42,Ferrite,0.872,101
22.606,30.5,0.9298,149.04,60.11,73.15,Ferrite,0.566,164
12.242,58.801,0.7189,283.25,59.83,20.3,Ferrite,0.945,189
21.499,47.049,0.6626,327.23,55.15,13.78,Austenite,0.367,164
21.225,12.085,0.9599,213.7,36.51,62.11,Ferrite,0.772,193
49.4,12.034,0.7409,107.77,47.56,42.18,Ferrite,0.982,163
32.899,40.26,0.6204,245.62,50.11,61.53,Ferrite,0.64,192
22.114,37.894,1.0441,266.45,50.16,68.46,Ferrite,0.754,217
24.606,4.77,0.6346,119.6,55.9,26.58,Ferrite,0.515,135
127.131,26.125,0.5087,297.56,72.11,25.62,Ferrite,0.801,101
20.08,39.799,0.3487,26.53,64.75,44.17,Ferrite,0.927,99
13.517,18.167,0.8109,3.87,43.15,24.62,Ferrite,0.762,164
20.554,58.779,0.9711,44.27,63.14,60.06,Ferrite,0.949,157
15.726,20.821,0.5848,56.16,62.68,67.21,Ferrite,0.671,106
12.533,8.746,0.9924,316.41,45.33,42.48,Ferrite,0.662,203
27.691,12.529,0.01,152.99,65.19,65.14,Ferrite,0.444,214
26.235,19.556,0.5834,98.98,53.08,45.94,Ferrite,0.768,115
9.846,57.313,0.588,154.47,38.08,64.16,Ferrite,0.906,109
20.818,11.712,0.3819,142.14,60.46,20.25,Ferrite,0.717,110
34.436,18.225,1.3152,108.53,57.6,66.5,Ferrite,0.386,134
35.435,47.517,0.5801,49.64,52.27,64.36,Ferrite,0.635,199
34.906,44.687,0.4777,236.13,54.55,23.99,Ferrite,0.805,163
22.389,50.595,0.6078,49.18,46.37,50.04,Ferrite,0.951,89
